frame_nmr,car_id,car_bbox,license_plate_bbox,license_plate_bbox_score,license_number,license_number_score
0,199.0,[2197.166015625 1154.0797119140625 2785.6494140625 1736.5533447265625],[2418.0849609375 1560.454833984375 2575.47509765625 1639.80029296875],0.5457526445388794,NU51TSU,0.042364976380380524
1,199.0,[2197.3990113842665 1154.2835581682734 2785.55849395503 1736.5472326269128],[2418.012451171875 1560.4954833984375 2575.515380859375 1639.839111328125],0.5465990304946899,NU51ISU,0.034665986164855694
2,199.0,[2201.1786082190174 1163.4533090392463 2783.9073830498264 1740.8521332045582],[2419.0244140625 1563.526611328125 2579.46826171875 1643.44921875],0.5593113303184509,HU51VSU,0.1320858812313684
5,199.0,[2194.096600935294 1174.1968149825454 2789.763783619197 1755.6260491003902],[2418.003173828125 1567.092041015625 2585.547607421875 1654.423095703125],0.6058011054992676,HV51VSU,0.43006291773490196
6,199.0,[2192.939381006479 1176.7569143606675 2788.933629241565 1758.4380085557582],[2419.825927734375 1576.237548828125 2588.337890625 1656.48095703125],0.5770469307899475,HU51VSU,0.2966949498714909
7,199.0,[2192.044937137971 1177.3984813709885 2788.4126752520706 1759.2667968474848],[2419.77978515625 1576.0733642578125 2588.595458984375 1656.4903564453125],0.5780242085456848,HU51VSU,0.2966949498714909
8,199.0,[2189.1328922696152 1176.7711774135082 2789.4468082297776 1762.0336586102135],[2420.227294921875 1580.6700439453125 2587.564453125 1656.5438232421875],0.595306396484375,MO53VSU,0.0695115126724403
9,199.0,[2190.648406045893 1175.7441959103303 2792.237334273062 1764.4547601489098],[2418.2333984375 1582.1458740234375 2587.242919921875 1658.0262451171875],0.4805806279182434,KI53YSU,0.19688805961555586
